{
	"mse": {
		"hard": 43601921.76,
		"soft": 39968428.279999994
	},
	"rmse": {
		"hard": 7233.360000000001,
		"soft": 6630.58
	},
	"mae": {
		"hard": 4882.68,
		"soft": 4475.79
	},
	"mape": {
		"hard": 0.5250794400000001,
		"soft": 0.48132282000000004
	},
	"r2_score": {
		"hard": 0.8795999999999999,
		"soft": 0.8063
	}
}

