{
    "train_metrics": {
        "mse": 580148.0536563194,
        "mae": 567.6535461416039,
        "rmse": 761.6745063715337
    }
}
