{
    "age": 0.8470271717786912,
    "sex": 0.0002435304782744315,
    "bmi": 0.028742714413354922,
    "children": -0.0027296309567916275,
    "smoker": 0.11558548714037525,
    "region": -0.005671465232512446
}